cluster,center
0,0.2962737294843686
1,0.4731340166112453
